Workbook
Name Slicer_Gender: #N/A
Name Slicer_Grade: #N/A

Sheet Student Scores
A1: Student_Performance_Analysis
A2: Student ID | B2: Name | C2: Math | D2: English | E2: Physics | F2: Chemistry | G2: Comp. Science | H2: Total | I2: Average | J2: Status | K2: Grade | L2: Rank | M2: Gender
A3: ST007 | B3: Selena | C3: 90 | D3: 97 | E3: 100 | F3: 86 | G3: 82 | H3: =SUM(C3:G3) -> 455 | I3: =AVERAGE(C3:G3) -> 91 | J3: =IF(I3>=45, "Pass", "Fail") -> Pass | K3: =IF(I3>=70,"A", IF(I3>=60,"B", IF(I3>=50,"C", IF(I3>=45,"D", "F")))) -> A | L3: =_xlfn.RANK.EQ(I3,$I$3:$I$12,0) -> 1 | M3: Female
A4: ST010 | B4: Okafor | C4: 100 | D4: 71 | E4: 100 | F4: 82 | G4: 100 | H4: =SUM(C4:G4) -> 453 | I4: =AVERAGE(C4:G4) -> 90.6 | J4: =IF(I4>=45, "Pass", "Fail") -> Pass | K4: =IF(I4>=70,"A", IF(I4>=60,"B", IF(I4>=50,"C", IF(I4>=45,"D", "F")))) -> A | L4: =_xlfn.RANK.EQ(I4,$I$3:$I$12,0) -> 2 | M4: Male
A5: ST003 | B5: Chinedu | C5: 70 | D5: 91 | E5: 90 | F5: 97 | G5: 100 | H5: =SUM(C5:G5) -> 448 | I5: =AVERAGE(C5:G5) -> 89.6 | J5: =IF(I5>=45, "Pass", "Fail") -> Pass | K5: =IF(I5>=70,"A", IF(I5>=60,"B", IF(I5>=50,"C", IF(I5>=45,"D", "F")))) -> A | L5: =_xlfn.RANK.EQ(I5,$I$3:$I$12,0) -> 3 | M5: Male
A6: ST005 | B6: Adekunle | C6: 73 | D6: 78 | E6: 100 | F6: 78 | G6: 72 | H6: =SUM(C6:G6) -> 401 | I6: =AVERAGE(C6:G6) -> 80.2 | J6: =IF(I6>=45, "Pass", "Fail") -> Pass | K6: =IF(I6>=70,"A", IF(I6>=60,"B", IF(I6>=50,"C", IF(I6>=45,"D", "F")))) -> A | L6: =_xlfn.RANK.EQ(I6,$I$3:$I$12,0) -> 4 | M6: Male
A7: ST004 | B7: Oluwatobiloba | C7: 63 | D7: 70 | E7: 68 | F7: 82 | G7: 69 | H7: =SUM(C7:G7) -> 352 | I7: =AVERAGE(C7:G7) -> 70.4 | J7: =IF(I7>=45, "Pass", "Fail") -> Pass | K7: =IF(I7>=70,"A", IF(I7>=60,"B", IF(I7>=50,"C", IF(I7>=45,"D", "F")))) -> A | L7: =_xlfn.RANK.EQ(I7,$I$3:$I$12,0) -> 5 | M7: Male
A8: ST008 | B8: Meymunah | C8: 100 | D8: 56 | E8: 70 | F8: 40 | G8: 68 | H8: =SUM(C8:G8) -> 334 | I8: =AVERAGE(C8:G8) -> 66.8 | J8: =IF(I8>=45, "Pass", "Fail") -> Pass | K8: =IF(I8>=70,"A", IF(I8>=60,"B", IF(I8>=50,"C", IF(I8>=45,"D", "F")))) -> B | L8: =_xlfn.RANK.EQ(I8,$I$3:$I$12,0) -> 6 | M8: Female
A9: ST001 | B9: Ada | C9: 75 | D9: 52 | E9: 90 | F9: 32 | G9: 81 | H9: =SUM(C9:G9) -> 330 | I9: =AVERAGE(C9:G9) -> 66 | J9: =IF(I9>=45, "Pass", "Fail") -> Pass | K9: =IF(I9>=70,"A", IF(I9>=60,"B", IF(I9>=50,"C", IF(I9>=45,"D", "F")))) -> B | L9: =_xlfn.RANK.EQ(I9,$I$3:$I$12,0) -> 7 | M9: Female
A10: ST006 | B10: Winslet | C10: 68 | D10: 60 | E10: 62 | F10: 89 | G10: 41 | H10: =SUM(C10:G10) -> 320 | I10: =AVERAGE(C10:G10) -> 64 | J10: =IF(I10>=45, "Pass", "Fail") -> Pass | K10: =IF(I10>=70,"A", IF(I10>=60,"B", IF(I10>=50,"C", IF(I10>=45,"D", "F")))) -> B | L10: =_xlfn.RANK.EQ(I10,$I$3:$I$12,0) -> 8 | M10: Female
A11: ST009 | B11: Adaeze | C11: 50 | D11: 57 | E11: 55 | F11: 49 | G11: 61 | H11: =SUM(C11:G11) -> 272 | I11: =AVERAGE(C11:G11) -> 54.4 | J11: =IF(I11>=45, "Pass", "Fail") -> Pass | K11: =IF(I11>=70,"A", IF(I11>=60,"B", IF(I11>=50,"C", IF(I11>=45,"D", "F")))) -> C | L11: =_xlfn.RANK.EQ(I11,$I$3:$I$12,0) -> 9 | M11: Female
A12: ST002 | B12: Tobi | C12: 23 | D12: 76 | E12: 59 | F12: 18 | G12: 50 | H12: =SUM(C12:G12) -> 226 | I12: =AVERAGE(C12:G12) -> 45.2 | J12: =IF(I12>=45, "Pass", "Fail") -> Pass | K12: =IF(I12>=70,"A", IF(I12>=60,"B", IF(I12>=50,"C", IF(I12>=45,"D", "F")))) -> D | L12: =_xlfn.RANK.EQ(I12,$I$3:$I$12,0) -> 10 | M12: Male

Sheet Dashboard
A1: Student Performance Dashboard
A2: Total Students 10
A3: Highest Average 91
A4: Lowest Average 45.2
A5: Average Score 71.82
A6: Top Student Selena
A7: Pass Rate (%) 100%
A8: Fail Rate (%) 0%

Sheet Student Search
A1: Student Search
A3: Enter Student ID: | C3: ST001
A5: Name | C5: =IFERROR(VLOOKUP(C3, 'Student Scores'!A:M,2,FALSE), "Student not found") -> Ada
A7: Average | C7: =IFERROR(VLOOKUP(C3, 'Student Scores'!A:M,9,FALSE),"") -> 66
A9: Grade | C9: =IFERROR(VLOOKUP(C3, 'Student Scores'!A:M, 11,FALSE), "") -> B
A11: Rank | C11: =IFERROR(VLOOKUP(C3, 'Student Scores'!A:M,12,FALSE), "") -> 7
A13: Status | C13: =IFERROR(VLOOKUP(C3, 'Student Scores'!A:M,10,FALSE), "") -> Pass
A15: Gender | C15: =IFERROR(VLOOKUP(C3,'Student Scores'!A:M, 13,FALSE), "") -> Female

Sheet Pivot Analysis
A1: Pivot Table Analysis
A2: Question 1: How many students received each grade?
A3: Row Labels | B3: Count of Grade
A4: A | B4: 5
A5: B | B5: 3
A6: C | B6: 1
A7: D | B7: 1
A8: Grand Total | B8: 10
A12: Question 2: What is the average score of each subject
A13: Average of Math | B13: Average of English | C13: Average of Physics | D13: Average of Chemistry | E13: Average of Comp. Science
A14: 71.2 | B14: 70.8 | C14: 79.4 | D14: 65.3 | E14: 72.4
A18: Question 3: How many students passed or failed?
A19: Row Labels | B19: Count of Status
A20: Pass | B20: 10
A21: Grand Total | B21: 10
A25: Question 4: What is the average score by gender?
A26: Row Labels | B26: Average of Average
A27: Female | B27: 68.44
A28: Male | B28: 75.2
A29: Grand Total | B29: 71.82
A33: Question 5: How are grades distributed by gender?
A34: Count of Student ID | B34: Column Labels
A35: Row Labels | B35: Female | C35: Male | D35: Grand Total
A36: A | B36: 1 | C36: 4 | D36: 5
A37: B | B37: 3 | D37: 3
A38: C | B38: 1 | D38: 1
A39: D | C39: 1 | D39: 1
A40: Grand Total | B40: 5 | C40: 5 | D40: 10
